username,first_name,last_name,uid,email,avatar,provider
alicia123,Alicia,Ribeiro,10,alicia123@hotmail.com,aliciaavatar,github
johnmad,John,Neto,11,johnmad@hotmail.com,johnavatar,github
ssara,Sara,Nilsen,12,saranilsen@hotmail.com,ssaraavatar,github
josef,Josef,Alves,13,josefff@hotmail.com,josefavatar,github
johnnypham,Johnny,Pham,14,johnnypham@hotmail.com,johnnyavatar,github
mattheww,Matthew,Brown,15,mattheww@hotmail.com,matthewwavatar,github
danuza21,Danuza,Nilson,16,danuza21@hotmail.com,danuzaavatar,github
sabrinaclau,Sabrina,Claudio,17,sabrinaclaudio@hotmail.com,sabrinaclauavatar,github
pedrobatista,Pedro,Batista,18,pedrobatista@hotmail.com,pedrobatistaavatar,github
sheilamello,Sheila,Mello,19,sheilamello@hotmail.com,sheilamelloavatar,github
shondaaaa,Shonda,Warren,20,shondaaaa@hotmail.com,shondavatar,github